Problem,,,Constructive algorithm,,Local search,,GRASP,
Name,n,m,alpha,Semi-greedy-1,Local-1,,GRASP-1,
,,,,,No. of iterations,Best value,No. of iterations,Best value
G1,800,19176,0,11328,116,11369,50,11448
,,,0,11388,,,,
,,,0.01,11297,,,,
,,,0.03,11399,,,,
,,,0.04,11361,,,,
,,,0.09,11341,,,,
,,,0.11,11448,,,,
,,,0.14,11288,,,,
,,,0.16,11315,,,,
,,,0.17,11409,,,,
,,,0.22,11348,,,,
,,,0.25,11356,,,,
,,,0.26,11305,,,,
,,,0.31,11371,,,,
,,,0.34,11348,,,,
,,,0.35,11348,,,,
,,,0.35,11360,,,,
,,,0.35,11380,,,,
,,,0.36,11317,,,,
,,,0.36,11412,,,,
,,,0.39,11331,,,,
,,,0.42,11329,,,,
,,,0.42,11373,,,,
,,,0.42,11373,,,,
,,,0.43,11389,,,,
,,,0.52,11403,,,,
,,,0.53,11396,,,,
,,,0.54,11331,,,,
,,,0.58,11373,,,,
,,,0.61,11436,,,,
,,,0.63,11389,,,,
,,,0.65,11362,,,,
,,,0.68,11397,,,,
,,,0.69,11400,,,,
,,,0.71,11376,,,,
,,,0.72,11366,,,,
,,,0.74,11390,,,,
,,,0.75,11327,,,,
,,,0.77,11353,,,,
,,,0.8,11398,,,,
,,,0.82,11428,,,,
,,,0.84,11402,,,,
,,,0.85,11440,,,,
,,,0.87,11357,,,,
,,,0.89,11367,,,,
,,,0.9,11425,,,,
,,,0.91,11364,,,,
,,,0.92,11350,,,,
,,,0.98,11385,,,,
,,,0.99,11358,,,,
G2,800,19176,0.02,11311,113,11381,50,11460
,,,0.02,11362,,,,
,,,0.05,11358,,,,
,,,0.07,11342,,,,
,,,0.07,11379,,,,
,,,0.12,11372,,,,
,,,0.14,11353,,,,
,,,0.15,11363,,,,
,,,0.18,11438,,,,
,,,0.19,11279,,,,
,,,0.19,11444,,,,
,,,0.2,11342,,,,
,,,0.21,11341,,,,
,,,0.21,11358,,,,
,,,0.23,11370,,,,
,,,0.28,11383,,,,
,,,0.29,11381,,,,
,,,0.35,11325,,,,
,,,0.35,11411,,,,
,,,0.5,11412,,,,
,,,0.52,11436,,,,
,,,0.55,11372,,,,
,,,0.56,11359,,,,
,,,0.56,11419,,,,
,,,0.59,11354,,,,
,,,0.61,11429,,,,
,,,0.64,11397,,,,
,,,0.64,11425,,,,
,,,0.65,11344,,,,
,,,0.65,11413,,,,
,,,0.66,11444,,,,
,,,0.68,11421,,,,
,,,0.7,11419,,,,
,,,0.71,11371,,,,
,,,0.75,11362,,,,
,,,0.76,11380,,,,
,,,0.79,11422,,,,
,,,0.8,11375,,,,
,,,0.82,11338,,,,
,,,0.82,11360,,,,
,,,0.85,11360,,,,
,,,0.87,11447,,,,
,,,0.89,11341,,,,
,,,0.9,11426,,,,
,,,0.95,11397,,,,
,,,0.96,11342,,,,
,,,0.97,11382,,,,
,,,0.97,11388,,,,
,,,0.97,11460,,,,
,,,0.99,11364,,,,
G3,800,19176,0,11326,120,11382,50,11458
,,,0,11369,,,,
,,,0.01,11313,,,,
,,,0.03,11353,,,,
,,,0.04,11350,,,,
,,,0.09,11385,,,,
,,,0.11,11395,,,,
,,,0.14,11363,,,,
,,,0.16,11405,,,,
,,,0.17,11345,,,,
,,,0.22,11370,,,,
,,,0.25,11406,,,,
,,,0.26,11399,,,,
,,,0.31,11324,,,,
,,,0.34,11376,,,,
,,,0.35,11363,,,,
,,,0.35,11365,,,,
,,,0.35,11410,,,,
,,,0.36,11312,,,,
,,,0.36,11318,,,,
,,,0.39,11416,,,,
,,,0.42,11395,,,,
,,,0.42,11400,,,,
,,,0.42,11413,,,,
,,,0.43,11328,,,,
,,,0.52,11458,,,,
,,,0.53,11405,,,,
,,,0.54,11326,,,,
,,,0.58,11386,,,,
,,,0.61,11439,,,,
,,,0.63,11364,,,,
,,,0.65,11378,,,,
,,,0.68,11363,,,,
,,,0.69,11375,,,,
,,,0.71,11434,,,,
,,,0.72,11339,,,,
,,,0.74,11392,,,,
,,,0.75,11415,,,,
,,,0.77,11343,,,,
,,,0.8,11454,,,,
,,,0.82,11327,,,,
,,,0.84,11432,,,,
,,,0.85,11435,,,,
,,,0.87,11438,,,,
,,,0.89,11408,,,,
,,,0.9,11379,,,,
,,,0.91,11407,,,,
,,,0.92,11418,,,,
,,,0.98,11395,,,,
,,,0.99,11406,,,,
G4,800,19176,0,11329,123,11395,50,11483
,,,0,11361,,,,
,,,0.01,11414,,,,
,,,0.03,11380,,,,
,,,0.04,11375,,,,
,,,0.09,11384,,,,
,,,0.11,11348,,,,
,,,0.14,11437,,,,
,,,0.16,11414,,,,
,,,0.17,11294,,,,
,,,0.22,11365,,,,
,,,0.25,11360,,,,
,,,0.26,11383,,,,
,,,0.31,11357,,,,
,,,0.34,11467,,,,
,,,0.35,11355,,,,
,,,0.35,11388,,,,
,,,0.35,11389,,,,
,,,0.36,11382,,,,
,,,0.36,11391,,,,
,,,0.39,11434,,,,
,,,0.42,11337,,,,
,,,0.42,11407,,,,
,,,0.42,11441,,,,
,,,0.43,11414,,,,
,,,0.52,11408,,,,
,,,0.53,11389,,,,
,,,0.54,11353,,,,
,,,0.58,11436,,,,
,,,0.61,11371,,,,
,,,0.63,11414,,,,
,,,0.65,11395,,,,
,,,0.68,11379,,,,
,,,0.69,11483,,,,
,,,0.71,11412,,,,
,,,0.72,11410,,,,
,,,0.74,11433,,,,
,,,0.75,11403,,,,
,,,0.77,11434,,,,
,,,0.8,11414,,,,
,,,0.82,11387,,,,
,,,0.84,11389,,,,
,,,0.85,11405,,,,
,,,0.87,11350,,,,
,,,0.89,11373,,,,
,,,0.9,11442,,,,
,,,0.91,11411,,,,
,,,0.92,11438,,,,
,,,0.98,11383,,,,
,,,0.99,11454,,,,
G5,800,19176,0.02,11364,113,11391,50,11490
,,,0.02,11426,,,,
,,,0.05,11392,,,,
,,,0.07,11332,,,,
,,,0.07,11375,,,,
,,,0.12,11384,,,,
,,,0.14,11326,,,,
,,,0.15,11333,,,,
,,,0.18,11395,,,,
,,,0.19,11307,,,,
,,,0.19,11339,,,,
,,,0.2,11296,,,,
,,,0.21,11352,,,,
,,,0.21,11395,,,,
,,,0.23,11387,,,,
,,,0.28,11443,,,,
,,,0.29,11338,,,,
,,,0.35,11397,,,,
,,,0.35,11402,,,,
,,,0.5,11415,,,,
,,,0.52,11381,,,,
,,,0.55,11411,,,,
,,,0.56,11386,,,,
,,,0.56,11421,,,,
,,,0.59,11490,,,,
,,,0.61,11380,,,,
,,,0.64,11373,,,,
,,,0.64,11384,,,,
,,,0.65,11383,,,,
,,,0.65,11457,,,,
,,,0.66,11347,,,,
,,,0.68,11389,,,,
,,,0.7,11430,,,,
,,,0.71,11425,,,,
,,,0.75,11409,,,,
,,,0.76,11406,,,,
,,,0.79,11404,,,,
,,,0.8,11350,,,,
,,,0.82,11395,,,,
,,,0.82,11399,,,,
,,,0.85,11433,,,,
,,,0.87,11414,,,,
,,,0.89,11380,,,,
,,,0.9,11350,,,,
,,,0.95,11439,,,,
,,,0.96,11429,,,,
,,,0.97,11360,,,,
,,,0.97,11416,,,,
,,,0.97,11464,,,,
,,,0.99,11449,,,,
G6,800,19176,0,1940,143,1927,50,2022
,,,0,1996,,,,
,,,0.01,1980,,,,
,,,0.03,1903,,,,
,,,0.04,1862,,,,
,,,0.09,1920,,,,
,,,0.11,1945,,,,
,,,0.14,1911,,,,
,,,0.16,1857,,,,
,,,0.17,1888,,,,
,,,0.22,1938,,,,
,,,0.25,1916,,,,
,,,0.26,1873,,,,
,,,0.31,1944,,,,
,,,0.34,1943,,,,
,,,0.35,1883,,,,
,,,0.35,1888,,,,
,,,0.35,1905,,,,
,,,0.36,1890,,,,
,,,0.36,1921,,,,
,,,0.39,1963,,,,
,,,0.42,1915,,,,
,,,0.42,1921,,,,
,,,0.42,1941,,,,
,,,0.43,1980,,,,
,,,0.52,1805,,,,
,,,0.53,1958,,,,
,,,0.54,1911,,,,
,,,0.58,1895,,,,
,,,0.61,1910,,,,
,,,0.63,1901,,,,
,,,0.65,1971,,,,
,,,0.68,1915,,,,
,,,0.69,1958,,,,
,,,0.71,1987,,,,
,,,0.72,1975,,,,
,,,0.74,1974,,,,
,,,0.75,1906,,,,
,,,0.77,1948,,,,
,,,0.8,1865,,,,
,,,0.82,2022,,,,
,,,0.84,1966,,,,
,,,0.85,1943,,,,
,,,0.87,1952,,,,
,,,0.89,1942,,,,
,,,0.9,1879,,,,
,,,0.91,1902,,,,
,,,0.92,1972,,,,
,,,0.98,1937,,,,
,,,0.99,1944,,,,
G7,800,19176,0.02,1725,131,1758,50,1857
,,,0.02,1736,,,,
,,,0.05,1747,,,,
,,,0.07,1727,,,,
,,,0.07,1727,,,,
,,,0.12,1786,,,,
,,,0.14,1717,,,,
,,,0.15,1782,,,,
,,,0.18,1680,,,,
,,,0.19,1726,,,,
,,,0.19,1729,,,,
,,,0.2,1742,,,,
,,,0.21,1734,,,,
,,,0.21,1781,,,,
,,,0.23,1798,,,,
,,,0.28,1720,,,,
,,,0.29,1758,,,,
,,,0.35,1740,,,,
,,,0.35,1745,,,,
,,,0.5,1791,,,,
,,,0.52,1748,,,,
,,,0.55,1806,,,,
,,,0.56,1728,,,,
,,,0.56,1819,,,,
,,,0.59,1757,,,,
,,,0.61,1778,,,,
,,,0.64,1769,,,,
,,,0.64,1773,,,,
,,,0.65,1716,,,,
,,,0.65,1752,,,,
,,,0.66,1675,,,,
,,,0.68,1689,,,,
,,,0.7,1775,,,,
,,,0.71,1719,,,,
,,,0.75,1796,,,,
,,,0.76,1795,,,,
,,,0.79,1780,,,,
,,,0.8,1857,,,,
,,,0.82,1762,,,,
,,,0.82,1762,,,,
,,,0.85,1791,,,,
,,,0.87,1708,,,,
,,,0.89,1792,,,,
,,,0.9,1724,,,,
,,,0.95,1826,,,,
,,,0.96,1803,,,,
,,,0.97,1756,,,,
,,,0.97,1789,,,,
,,,0.97,1795,,,,
,,,0.99,1788,,,,
G8,800,19176,0,1769,136,1757,50,1839
,,,0,1796,,,,
,,,0.01,1793,,,,
,,,0.03,1782,,,,
,,,0.04,1798,,,,
,,,0.09,1708,,,,
,,,0.11,1791,,,,
,,,0.14,1682,,,,
,,,0.16,1801,,,,
,,,0.17,1823,,,,
,,,0.22,1737,,,,
,,,0.25,1757,,,,
,,,0.26,1735,,,,
,,,0.31,1782,,,,
,,,0.34,1806,,,,
,,,0.35,1691,,,,
,,,0.35,1699,,,,
,,,0.35,1773,,,,
,,,0.36,1706,,,,
,,,0.36,1787,,,,
,,,0.39,1775,,,,
,,,0.42,1730,,,,
,,,0.42,1755,,,,
,,,0.42,1786,,,,
,,,0.43,1684,,,,
,,,0.52,1784,,,,
,,,0.53,1757,,,,
,,,0.54,1678,,,,
,,,0.58,1733,,,,
,,,0.61,1702,,,,
,,,0.63,1763,,,,
,,,0.65,1717,,,,
,,,0.68,1836,,,,
,,,0.69,1720,,,,
,,,0.71,1753,,,,
,,,0.72,1828,,,,
,,,0.74,1787,,,,
,,,0.75,1787,,,,
,,,0.77,1783,,,,
,,,0.8,1763,,,,
,,,0.82,1741,,,,
,,,0.84,1764,,,,
,,,0.85,1769,,,,
,,,0.87,1770,,,,
,,,0.89,1764,,,,
,,,0.9,1664,,,,
,,,0.91,1839,,,,
,,,0.92,1741,,,,
,,,0.98,1761,,,,
,,,0.99,1734,,,,
G9,800,19176,0.02,1732,132,1807,50,1899
,,,0.02,1759,,,,
,,,0.05,1771,,,,
,,,0.07,1755,,,,
,,,0.07,1825,,,,
,,,0.12,1802,,,,
,,,0.14,1794,,,,
,,,0.15,1816,,,,
,,,0.18,1748,,,,
,,,0.19,1750,,,,
,,,0.19,1826,,,,
,,,0.2,1803,,,,
,,,0.21,1797,,,,
,,,0.21,1820,,,,
,,,0.23,1839,,,,
,,,0.28,1838,,,,
,,,0.29,1672,,,,
,,,0.35,1844,,,,
,,,0.35,1849,,,,
,,,0.5,1820,,,,
,,,0.52,1877,,,,
,,,0.55,1776,,,,
,,,0.56,1781,,,,
,,,0.56,1817,,,,
,,,0.59,1830,,,,
,,,0.61,1808,,,,
,,,0.64,1788,,,,
,,,0.64,1832,,,,
,,,0.65,1783,,,,
,,,0.65,1826,,,,
,,,0.66,1899,,,,
,,,0.68,1808,,,,
,,,0.7,1811,,,,
,,,0.71,1836,,,,
,,,0.75,1859,,,,
,,,0.76,1789,,,,
,,,0.79,1807,,,,
,,,0.8,1805,,,,
,,,0.82,1786,,,,
,,,0.82,1815,,,,
,,,0.85,1840,,,,
,,,0.87,1832,,,,
,,,0.89,1778,,,,
,,,0.9,1851,,,,
,,,0.95,1760,,,,
,,,0.96,1889,,,,
,,,0.97,1752,,,,
,,,0.97,1821,,,,
,,,0.97,1830,,,,
,,,0.99,1820,,,,
G10,800,19176,0,1656,135,1751,50,1865
,,,0,1757,,,,
,,,0.01,1661,,,,
,,,0.03,1743,,,,
,,,0.04,1721,,,,
,,,0.09,1726,,,,
,,,0.11,1752,,,,
,,,0.14,1735,,,,
,,,0.16,1707,,,,
,,,0.17,1689,,,,
,,,0.22,1784,,,,
,,,0.25,1763,,,,
,,,0.26,1774,,,,
,,,0.31,1732,,,,
,,,0.34,1756,,,,
,,,0.35,1760,,,,
,,,0.35,1763,,,,
,,,0.35,1781,,,,
,,,0.36,1798,,,,
,,,0.36,1831,,,,
,,,0.39,1728,,,,
,,,0.42,1722,,,,
,,,0.42,1741,,,,
,,,0.42,1772,,,,
,,,0.43,1719,,,,
,,,0.52,1733,,,,
,,,0.53,1680,,,,
,,,0.54,1815,,,,
,,,0.58,1786,,,,
,,,0.61,1717,,,,
,,,0.63,1729,,,,
,,,0.65,1762,,,,
,,,0.68,1721,,,,
,,,0.69,1806,,,,
,,,0.71,1733,,,,
,,,0.72,1797,,,,
,,,0.74,1712,,,,
,,,0.75,1759,,,,
,,,0.77,1804,,,,
,,,0.8,1751,,,,
,,,0.82,1768,,,,
,,,0.84,1756,,,,
,,,0.85,1780,,,,
,,,0.87,1770,,,,
,,,0.89,1691,,,,
,,,0.9,1790,,,,
,,,0.91,1750,,,,
,,,0.92,1865,,,,
,,,0.98,1755,,,,
,,,0.99,1776,,,,
G11,800,1600,0,442,11,464,50,494
,,,0,450,,,,
,,,0.01,456,,,,
,,,0.03,432,,,,
,,,0.04,456,,,,
,,,0.09,428,,,,
,,,0.11,458,,,,
,,,0.14,450,,,,
,,,0.16,444,,,,
,,,0.17,436,,,,
,,,0.22,458,,,,
,,,0.25,454,,,,
,,,0.26,446,,,,
,,,0.31,448,,,,
,,,0.34,448,,,,
,,,0.35,456,,,,
,,,0.35,456,,,,
,,,0.35,472,,,,
,,,0.36,438,,,,
,,,0.36,444,,,,
,,,0.39,428,,,,
,,,0.42,448,,,,
,,,0.42,456,,,,
,,,0.42,458,,,,
,,,0.43,442,,,,
,,,0.52,456,,,,
,,,0.53,472,,,,
,,,0.54,454,,,,
,,,0.58,462,,,,
,,,0.61,494,,,,
,,,0.63,468,,,,
,,,0.65,460,,,,
,,,0.68,476,,,,
,,,0.69,476,,,,
,,,0.71,478,,,,
,,,0.72,492,,,,
,,,0.74,494,,,,
,,,0.75,490,,,,
,,,0.77,490,,,,
,,,0.8,490,,,,
,,,0.82,484,,,,
,,,0.84,488,,,,
,,,0.85,484,,,,
,,,0.87,494,,,,
,,,0.89,484,,,,
,,,0.9,486,,,,
,,,0.91,480,,,,
,,,0.92,484,,,,
,,,0.98,488,,,,
,,,0.99,494,,,,
G12,800,1600,0.02,424,11,453,50,496
,,,0.02,430,,,,
,,,0.05,448,,,,
,,,0.07,418,,,,
,,,0.07,444,,,,
,,,0.12,416,,,,
,,,0.14,420,,,,
,,,0.15,424,,,,
,,,0.18,418,,,,
,,,0.19,428,,,,
,,,0.19,430,,,,
,,,0.2,438,,,,
,,,0.21,420,,,,
,,,0.21,420,,,,
,,,0.23,422,,,,
,,,0.28,414,,,,
,,,0.29,422,,,,
,,,0.35,434,,,,
,,,0.35,442,,,,
,,,0.5,442,,,,
,,,0.52,454,,,,
,,,0.55,464,,,,
,,,0.56,446,,,,
,,,0.56,450,,,,
,,,0.59,456,,,,
,,,0.61,460,,,,
,,,0.64,464,,,,
,,,0.64,474,,,,
,,,0.65,450,,,,
,,,0.65,468,,,,
,,,0.66,474,,,,
,,,0.68,468,,,,
,,,0.7,476,,,,
,,,0.71,478,,,,
,,,0.75,486,,,,
,,,0.76,472,,,,
,,,0.79,482,,,,
,,,0.8,474,,,,
,,,0.82,466,,,,
,,,0.82,478,,,,
,,,0.85,480,,,,
,,,0.87,472,,,,
,,,0.89,482,,,,
,,,0.9,496,,,,
,,,0.95,474,,,,
,,,0.96,482,,,,
,,,0.97,476,,,,
,,,0.97,478,,,,
,,,0.97,484,,,,
,,,0.99,478,,,,
G13,800,1600,0.07,466,12,476,50,526
,,,0.12,434,,,,
,,,0.12,440,,,,
,,,0.15,462,,,,
,,,0.17,478,,,,
,,,0.18,468,,,,
,,,0.22,450,,,,
,,,0.24,462,,,,
,,,0.25,448,,,,
,,,0.25,462,,,,
,,,0.26,466,,,,
,,,0.27,452,,,,
,,,0.28,460,,,,
,,,0.29,438,,,,
,,,0.29,468,,,,
,,,0.35,478,,,,
,,,0.37,446,,,,
,,,0.38,448,,,,
,,,0.39,468,,,,
,,,0.4,468,,,,
,,,0.4,476,,,,
,,,0.41,454,,,,
,,,0.41,460,,,,
,,,0.43,450,,,,
,,,0.43,468,,,,
,,,0.45,460,,,,
,,,0.48,462,,,,
,,,0.51,474,,,,
,,,0.54,492,,,,
,,,0.6,476,,,,
,,,0.64,496,,,,
,,,0.65,472,,,,
,,,0.65,488,,,,
,,,0.65,490,,,,
,,,0.66,476,,,,
,,,0.68,488,,,,
,,,0.69,492,,,,
,,,0.69,496,,,,
,,,0.7,490,,,,
,,,0.74,494,,,,
,,,0.77,500,,,,
,,,0.77,512,,,,
,,,0.85,498,,,,
,,,0.91,506,,,,
,,,0.93,508,,,,
,,,0.94,498,,,,
,,,0.97,510,,,,
,,,0.99,516,,,,
,,,1,512,,,,
,,,1,526,,,,
G14,800,4694,0.02,2942,27,2964,50,2986
,,,0.02,2948,,,,
,,,0.03,2927,,,,
,,,0.03,2935,,,,
,,,0.04,2969,,,,
,,,0.07,2942,,,,
,,,0.08,2918,,,,
,,,0.09,2946,,,,
,,,0.09,2952,,,,
,,,0.09,2955,,,,
,,,0.14,2965,,,,
,,,0.15,2963,,,,
,,,0.25,2969,,,,
,,,0.26,2950,,,,
,,,0.29,2975,,,,
,,,0.35,2959,,,,
,,,0.36,2944,,,,
,,,0.38,2963,,,,
,,,0.39,2970,,,,
,,,0.39,2972,,,,
,,,0.42,2960,,,,
,,,0.42,2963,,,,
,,,0.42,2963,,,,
,,,0.44,2968,,,,
,,,0.45,2976,,,,
,,,0.47,2967,,,,
,,,0.47,2970,,,,
,,,0.5,2973,,,,
,,,0.5,2982,,,,
,,,0.54,2957,,,,
,,,0.54,2986,,,,
,,,0.61,2984,,,,
,,,0.62,2972,,,,
,,,0.63,2977,,,,
,,,0.64,2982,,,,
,,,0.66,2959,,,,
,,,0.68,2973,,,,
,,,0.7,2970,,,,
,,,0.71,2980,,,,
,,,0.76,2969,,,,
,,,0.8,2973,,,,
,,,0.8,2979,,,,
,,,0.81,2974,,,,
,,,0.82,2957,,,,
,,,0.84,2968,,,,
,,,0.85,2966,,,,
,,,0.89,2982,,,,
,,,0.92,2981,,,,
,,,0.96,2971,,,,
,,,0.98,2975,,,,
G15,800,4661,0,2916,26,2945,50,2972
,,,0,2933,,,,
,,,0.07,2940,,,,
,,,0.12,2941,,,,
,,,0.14,2940,,,,
,,,0.16,2934,,,,
,,,0.17,2947,,,,
,,,0.2,2949,,,,
,,,0.23,2940,,,,
,,,0.24,2948,,,,
,,,0.31,2933,,,,
,,,0.33,2952,,,,
,,,0.34,2950,,,,
,,,0.37,2956,,,,
,,,0.38,2955,,,,
,,,0.4,2937,,,,
,,,0.42,2938,,,,
,,,0.44,2941,,,,
,,,0.44,2948,,,,
,,,0.48,2949,,,,
,,,0.5,2953,,,,
,,,0.51,2934,,,,
,,,0.51,2940,,,,
,,,0.51,2949,,,,
,,,0.52,2972,,,,
,,,0.53,2956,,,,
,,,0.53,2961,,,,
,,,0.54,2957,,,,
,,,0.56,2961,,,,
,,,0.57,2943,,,,
,,,0.6,2947,,,,
,,,0.62,2938,,,,
,,,0.62,2954,,,,
,,,0.63,2950,,,,
,,,0.64,2939,,,,
,,,0.64,2950,,,,
,,,0.65,2954,,,,
,,,0.66,2928,,,,
,,,0.68,2940,,,,
,,,0.69,2946,,,,
,,,0.7,2955,,,,
,,,0.71,2921,,,,
,,,0.72,2951,,,,
,,,0.76,2960,,,,
,,,0.84,2938,,,,
,,,0.85,2941,,,,
,,,0.87,2945,,,,
,,,0.89,2934,,,,
,,,0.93,2944,,,,
,,,0.96,2958,,,,
G16,800,4672,0,2925,26,2952,50,2978
,,,0,2933,,,,
,,,0.01,2937,,,,
,,,0.03,2923,,,,
,,,0.04,2937,,,,
,,,0.09,2942,,,,
,,,0.11,2947,,,,
,,,0.14,2952,,,,
,,,0.16,2944,,,,
,,,0.17,2960,,,,
,,,0.22,2934,,,,
,,,0.25,2948,,,,
,,,0.26,2946,,,,
,,,0.31,2940,,,,
,,,0.34,2964,,,,
,,,0.35,2941,,,,
,,,0.35,2944,,,,
,,,0.35,2969,,,,
,,,0.36,2949,,,,
,,,0.36,2952,,,,
,,,0.39,2964,,,,
,,,0.42,2947,,,,
,,,0.42,2956,,,,
,,,0.42,2958,,,,
,,,0.43,2953,,,,
,,,0.52,2955,,,,
,,,0.53,2960,,,,
,,,0.54,2978,,,,
,,,0.58,2958,,,,
,,,0.61,2953,,,,
,,,0.63,2963,,,,
,,,0.65,2959,,,,
,,,0.68,2960,,,,
,,,0.69,2954,,,,
,,,0.71,2963,,,,
,,,0.72,2956,,,,
,,,0.74,2942,,,,
,,,0.75,2959,,,,
,,,0.77,2962,,,,
,,,0.8,2964,,,,
,,,0.82,2968,,,,
,,,0.84,2969,,,,
,,,0.85,2950,,,,
,,,0.87,2952,,,,
,,,0.89,2947,,,,
,,,0.9,2963,,,,
,,,0.91,2963,,,,
,,,0.92,2940,,,,
,,,0.98,2943,,,,
,,,0.99,2963,,,,
G17,800,4667,0.02,2926,27,2948,50,2972
,,,0.02,2939,,,,
,,,0.05,2938,,,,
,,,0.07,2934,,,,
,,,0.07,2945,,,,
,,,0.12,2960,,,,
,,,0.14,2938,,,,
,,,0.15,2938,,,,
,,,0.18,2932,,,,
,,,0.19,2938,,,,
,,,0.19,2952,,,,
,,,0.2,2962,,,,
,,,0.21,2928,,,,
,,,0.21,2958,,,,
,,,0.23,2960,,,,
,,,0.28,2933,,,,
,,,0.29,2937,,,,
,,,0.35,2947,,,,
,,,0.35,2951,,,,
,,,0.5,2954,,,,
,,,0.52,2938,,,,
,,,0.55,2952,,,,
,,,0.56,2936,,,,
,,,0.56,2965,,,,
,,,0.59,2953,,,,
,,,0.61,2957,,,,
,,,0.64,2938,,,,
,,,0.64,2962,,,,
,,,0.65,2951,,,,
,,,0.65,2958,,,,
,,,0.66,2963,,,,
,,,0.68,2963,,,,
,,,0.7,2947,,,,
,,,0.71,2944,,,,
,,,0.75,2947,,,,
,,,0.76,2953,,,,
,,,0.79,2956,,,,
,,,0.8,2947,,,,
,,,0.82,2955,,,,
,,,0.82,2959,,,,
,,,0.85,2954,,,,
,,,0.87,2955,,,,
,,,0.89,2951,,,,
,,,0.9,2959,,,,
,,,0.95,2972,,,,
,,,0.96,2940,,,,
,,,0.97,2935,,,,
,,,0.97,2937,,,,
,,,0.97,2940,,,,
,,,0.99,2956,,,,
G18,800,4694,0,825,59,854,50,930
,,,0,848,,,,
,,,0.01,824,,,,
,,,0.03,809,,,,
,,,0.04,846,,,,
,,,0.09,862,,,,
,,,0.11,872,,,,
,,,0.14,856,,,,
,,,0.16,838,,,,
,,,0.17,846,,,,
,,,0.22,850,,,,
,,,0.25,852,,,,
,,,0.26,884,,,,
,,,0.31,814,,,,
,,,0.34,837,,,,
,,,0.35,791,,,,
,,,0.35,802,,,,
,,,0.35,833,,,,
,,,0.36,845,,,,
,,,0.36,846,,,,
,,,0.39,820,,,,
,,,0.42,832,,,,
,,,0.42,835,,,,
,,,0.42,849,,,,
,,,0.43,822,,,,
,,,0.52,879,,,,
,,,0.53,836,,,,
,,,0.54,848,,,,
,,,0.58,868,,,,
,,,0.61,834,,,,
,,,0.63,930,,,,
,,,0.65,878,,,,
,,,0.68,827,,,,
,,,0.69,887,,,,
,,,0.71,854,,,,
,,,0.72,864,,,,
,,,0.74,871,,,,
,,,0.75,873,,,,
,,,0.77,865,,,,
,,,0.8,889,,,,
,,,0.82,838,,,,
,,,0.84,883,,,,
,,,0.85,853,,,,
,,,0.87,889,,,,
,,,0.89,888,,,,
,,,0.9,859,,,,
,,,0.91,873,,,,
,,,0.92,903,,,,
,,,0.98,859,,,,
,,,0.99,914,,,,
G19,800,4661,0.02,764,56,774,50,825
,,,0.02,776,,,,
,,,0.05,795,,,,
,,,0.07,719,,,,
,,,0.07,722,,,,
,,,0.12,730,,,,
,,,0.14,755,,,,
,,,0.15,776,,,,
,,,0.18,727,,,,
,,,0.19,730,,,,
,,,0.19,796,,,,
,,,0.2,760,,,,
,,,0.21,722,,,,
,,,0.21,770,,,,
,,,0.23,771,,,,
,,,0.28,788,,,,
,,,0.29,722,,,,
,,,0.35,750,,,,
,,,0.35,780,,,,
,,,0.5,764,,,,
,,,0.52,757,,,,
,,,0.55,785,,,,
,,,0.56,735,,,,
,,,0.56,794,,,,
,,,0.59,816,,,,
,,,0.61,772,,,,
,,,0.64,755,,,,
,,,0.64,795,,,,
,,,0.65,769,,,,
,,,0.65,771,,,,
,,,0.66,789,,,,
,,,0.68,796,,,,
,,,0.7,760,,,,
,,,0.71,779,,,,
,,,0.75,799,,,,
,,,0.76,760,,,,
,,,0.79,794,,,,
,,,0.8,794,,,,
,,,0.82,763,,,,
,,,0.82,824,,,,
,,,0.85,803,,,,
,,,0.87,787,,,,
,,,0.89,821,,,,
,,,0.9,802,,,,
,,,0.95,782,,,,
,,,0.96,801,,,,
,,,0.97,779,,,,
,,,0.97,780,,,,
,,,0.97,825,,,,
,,,0.99,802,,,,
G20,800,4672,0,782,57,800,50,849
,,,0,789,,,,
,,,0.01,747,,,,
,,,0.03,761,,,,
,,,0.04,793,,,,
,,,0.09,763,,,,
,,,0.11,789,,,,
,,,0.14,776,,,,
,,,0.16,780,,,,
,,,0.17,809,,,,
,,,0.22,791,,,,
,,,0.25,773,,,,
,,,0.26,791,,,,
,,,0.31,778,,,,
,,,0.34,765,,,,
,,,0.35,783,,,,
,,,0.35,793,,,,
,,,0.35,794,,,,
,,,0.36,783,,,,
,,,0.36,786,,,,
,,,0.39,759,,,,
,,,0.42,774,,,,
,,,0.42,795,,,,
,,,0.42,801,,,,
,,,0.43,782,,,,
,,,0.52,793,,,,
,,,0.53,814,,,,
,,,0.54,790,,,,
,,,0.58,801,,,,
,,,0.61,788,,,,
,,,0.63,791,,,,
,,,0.65,819,,,,
,,,0.68,816,,,,
,,,0.69,823,,,,
,,,0.71,825,,,,
,,,0.72,846,,,,
,,,0.74,834,,,,
,,,0.75,835,,,,
,,,0.77,834,,,,
,,,0.8,825,,,,
,,,0.82,836,,,,
,,,0.84,817,,,,
,,,0.85,832,,,,
,,,0.87,823,,,,
,,,0.89,849,,,,
,,,0.9,829,,,,
,,,0.91,820,,,,
,,,0.92,805,,,,
,,,0.98,842,,,,
,,,0.99,805,,,,
G21,800,4667,0.02,746,60,793,50,850
,,,0.02,773,,,,
,,,0.05,782,,,,
,,,0.07,750,,,,
,,,0.07,781,,,,
,,,0.12,763,,,,
,,,0.14,760,,,,
,,,0.15,796,,,,
,,,0.18,761,,,,
,,,0.19,762,,,,
,,,0.19,774,,,,
,,,0.2,770,,,,
,,,0.21,771,,,,
,,,0.21,801,,,,
,,,0.23,759,,,,
,,,0.28,800,,,,
,,,0.29,797,,,,
,,,0.35,773,,,,
,,,0.35,786,,,,
,,,0.5,761,,,,
,,,0.52,772,,,,
,,,0.55,806,,,,
,,,0.56,748,,,,
,,,0.56,788,,,,
,,,0.59,775,,,,
,,,0.61,803,,,,
,,,0.64,798,,,,
,,,0.64,807,,,,
,,,0.65,789,,,,
,,,0.65,796,,,,
,,,0.66,795,,,,
,,,0.68,792,,,,
,,,0.7,790,,,,
,,,0.71,825,,,,
,,,0.75,818,,,,
,,,0.76,848,,,,
,,,0.79,819,,,,
,,,0.8,808,,,,
,,,0.82,792,,,,
,,,0.82,824,,,,
,,,0.85,821,,,,
,,,0.87,850,,,,
,,,0.89,803,,,,
,,,0.9,828,,,,
,,,0.95,846,,,,
,,,0.96,842,,,,
,,,0.97,764,,,,
,,,0.97,792,,,,
,,,0.97,829,,,,
,,,0.99,846,,,,
G22,2000,19990,0.06,12839,152,12895,20,13002
,,,0.07,12867,,,,
,,,0.08,12796,,,,
,,,0.12,12832,,,,
,,,0.23,12819,,,,
,,,0.29,12834,,,,
,,,0.33,12834,,,,
,,,0.36,12931,,,,
,,,0.45,12873,,,,
,,,0.46,12877,,,,
,,,0.54,12916,,,,
,,,0.57,12973,,,,
,,,0.61,12924,,,,
,,,0.63,12936,,,,
,,,0.76,12932,,,,
,,,0.82,12946,,,,
,,,0.88,12961,,,,
,,,0.92,12921,,,,
,,,0.95,12897,,,,
,,,0.96,13002,,,,
G23,2000,19990,0.07,12804,159,12903,20,13004
,,,0.17,12806,,,,
,,,0.19,12848,,,,
,,,0.2,12826,,,,
,,,0.23,12798,,,,
,,,0.24,12916,,,,
,,,0.27,12884,,,,
,,,0.3,12882,,,,
,,,0.31,12873,,,,
,,,0.32,12843,,,,
,,,0.33,12934,,,,
,,,0.49,12936,,,,
,,,0.82,12970,,,,
,,,0.88,12937,,,,
,,,0.9,12994,,,,
,,,0.91,12965,,,,
,,,0.93,12931,,,,
,,,0.94,12975,,,,
,,,0.94,13004,,,,
,,,0.97,12952,,,,
G24,2000,19990,0.1,12827,169,12888,20,12988
,,,0.12,12827,,,,
,,,0.18,12832,,,,
,,,0.19,12831,,,,
,,,0.21,12806,,,,
,,,0.22,12908,,,,
,,,0.24,12848,,,,
,,,0.25,12841,,,,
,,,0.25,12893,,,,
,,,0.29,12914,,,,
,,,0.34,12788,,,,
,,,0.44,12950,,,,
,,,0.46,12875,,,,
,,,0.63,12930,,,,
,,,0.67,12921,,,,
,,,0.67,12958,,,,
,,,0.78,12982,,,,
,,,0.8,12988,,,,
,,,0.85,12928,,,,
,,,0.86,12932,,,,
G25,2000,19990,0.13,12860,162,12909,20,13013
,,,0.19,12853,,,,
,,,0.2,12899,,,,
,,,0.22,12819,,,,
,,,0.23,12915,,,,
,,,0.34,12863,,,,
,,,0.36,12947,,,,
,,,0.37,12935,,,,
,,,0.41,12917,,,,
,,,0.42,12881,,,,
,,,0.47,12822,,,,
,,,0.48,12902,,,,
,,,0.5,12894,,,,
,,,0.54,12921,,,,
,,,0.54,12922,,,,
,,,0.58,12929,,,,
,,,0.59,12981,,,,
,,,0.73,12942,,,,
,,,0.86,12973,,,,
,,,0.94,13013,,,,
G26,2000,19990,0,12865,177,12884,15,12981
,,,0.07,12820,,,,
,,,0.08,12841,,,,
,,,0.13,12851,,,,
,,,0.16,12866,,,,
,,,0.29,12897,,,,
,,,0.34,12832,,,,
,,,0.36,12827,,,,
,,,0.39,12921,,,,
,,,0.43,12862,,,,
,,,0.52,12890,,,,
,,,0.54,12926,,,,
,,,0.55,12956,,,,
,,,0.71,12939,,,,
,,,0.87,12981,,,,
G27,2000,19990,0.02,2764,211,2844,15,2950
,,,0.02,2837,,,,
,,,0.03,2815,,,,
,,,0.05,2797,,,,
,,,0.24,2864,,,,
,,,0.25,2789,,,,
,,,0.42,2873,,,,
,,,0.47,2784,,,,
,,,0.51,2816,,,,
,,,0.51,2950,,,,
,,,0.66,2857,,,,
,,,0.72,2869,,,,
,,,0.86,2869,,,,
,,,0.92,2925,,,,
,,,0.98,2863,,,,
G28,2000,19990,0.02,2711,219,2785,15,2892
,,,0.05,2801,,,,
,,,0.08,2826,,,,
,,,0.1,2783,,,,
,,,0.11,2756,,,,
,,,0.17,2789,,,,
,,,0.3,2790,,,,
,,,0.31,2753,,,,
,,,0.47,2634,,,,
,,,0.57,2826,,,,
,,,0.69,2759,,,,
,,,0.73,2800,,,,
,,,0.75,2831,,,,
,,,0.83,2892,,,,
,,,0.99,2837,,,,
G29,2000,19990,0.12,2845,238,2892,15,3024
,,,0.18,2809,,,,
,,,0.19,2874,,,,
,,,0.21,2804,,,,
,,,0.24,2907,,,,
,,,0.25,2826,,,,
,,,0.25,2937,,,,
,,,0.29,2901,,,,
,,,0.34,2868,,,,
,,,0.44,2892,,,,
,,,0.46,2852,,,,
,,,0.67,2968,,,,
,,,0.67,2990,,,,
,,,0.78,3024,,,,
,,,0.86,2888,,,,
G30,2000,19990,0,2849,220,2894,15,2991
,,,0.03,2847,,,,
,,,0.03,2915,,,,
,,,0.08,2884,,,,
,,,0.11,2853,,,,
,,,0.27,2861,,,,
,,,0.32,2857,,,,
,,,0.38,2930,,,,
,,,0.46,2828,,,,
,,,0.49,2924,,,,
,,,0.54,2857,,,,
,,,0.67,2932,,,,
,,,0.71,2934,,,,
,,,0.73,2955,,,,
,,,0.91,2991,,,,
G31,2000,19990,0.09,2820,178,2851,10,2935
,,,0.25,2766,,,,
,,,0.27,2824,,,,
,,,0.63,2789,,,,
,,,0.72,2862,,,,
,,,0.78,2930,,,,
,,,0.88,2905,,,,
,,,0.9,2935,,,,
,,,0.93,2860,,,,
,,,0.96,2822,,,,
G32,2000,4000,0.06,1088,31,1140,10,1224
,,,0.07,1074,,,,
,,,0.08,1100,,,,
,,,0.33,1122,,,,
,,,0.46,1084,,,,
,,,0.54,1158,,,,
,,,0.57,1182,,,,
,,,0.63,1174,,,,
,,,0.76,1200,,,,
,,,0.82,1224,,,,
G33,2000,4000,0.02,1098,25,1141,10,1210
,,,0.25,1074,,,,
,,,0.42,1114,,,,
,,,0.47,1074,,,,
,,,0.51,1120,,,,
,,,0.66,1124,,,,
,,,0.72,1184,,,,
,,,0.86,1208,,,,
,,,0.92,1210,,,,
,,,0.98,1204,,,,
G34,2000,4000,0.23,1070,25,1149,10,1216
,,,0.24,1060,,,,
,,,0.31,1086,,,,
,,,0.33,1052,,,,
,,,0.9,1214,,,,
,,,0.91,1210,,,,
,,,0.93,1196,,,,
,,,0.94,1188,,,,
,,,0.94,1200,,,,
,,,0.97,1216,,,,
G35,2000,11778,0.21,7438,61,7444,10,7470
,,,0.3,7445,,,,
,,,0.51,7465,,,,
,,,0.53,7444,,,,
,,,0.53,7446,,,,
,,,0.64,7470,,,,
,,,0.71,7442,,,,
,,,0.82,7453,,,,
,,,0.87,7425,,,,
,,,0.99,7419,,,,
G36,2000,11766,0.18,7438,67,7426,10,7450
,,,0.19,7427,,,,
,,,0.21,7423,,,,
,,,0.25,7407,,,,
,,,0.25,7430,,,,
,,,0.29,7419,,,,
,,,0.34,7417,,,,
,,,0.44,7437,,,,
,,,0.67,7413,,,,
,,,0.78,7450,,,,
G37,2000,11785,0.09,7442,65,7444,10,7460
,,,0.15,7443,,,,
,,,0.28,7454,,,,
,,,0.35,7427,,,,
,,,0.42,7425,,,,
,,,0.42,7456,,,,
,,,0.67,7431,,,,
,,,0.76,7456,,,,
,,,0.79,7460,,,,
,,,0.94,7453,,,,
G38,2000,11779,0.2,7431,64,7438,10,7449
,,,0.22,7447,,,,
,,,0.23,7438,,,,
,,,0.37,7445,,,,
,,,0.41,7439,,,,
,,,0.47,7433,,,,
,,,0.54,7449,,,,
,,,0.58,7434,,,,
,,,0.59,7432,,,,
,,,0.94,7437,,,,
G39,2000,11778,0.15,2018,158,2048,10,2145
,,,0.15,2031,,,,
,,,0.2,1992,,,,
,,,0.29,1989,,,,
,,,0.29,2009,,,,
,,,0.38,2035,,,,
,,,0.55,2035,,,,
,,,0.79,2138,,,,
,,,0.81,2094,,,,
,,,0.82,2145,,,,
G40,2000,11766,0.17,1912,157,2004,10,2120
,,,0.2,1978,,,,
,,,0.29,1930,,,,
,,,0.34,1953,,,,
,,,0.37,2039,,,,
,,,0.42,1982,,,,
,,,0.46,1998,,,,
,,,0.63,2025,,,,
,,,0.95,2120,,,,
,,,0.98,2106,,,,
G41,2000,11785,0.09,2043,126,2064,10,2124
,,,0.25,1974,,,,
,,,0.27,1996,,,,
,,,0.63,2023,,,,
,,,0.72,2062,,,,
,,,0.78,2093,,,,
,,,0.88,2121,,,,
,,,0.9,2096,,,,
,,,0.93,2124,,,,
,,,0.96,2112,,,,
G42,2000,11779,0.06,2011,161,2105,10,2186
,,,0.07,2056,,,,
,,,0.08,2052,,,,
,,,0.33,2115,,,,
,,,0.46,2060,,,,
,,,0.54,2045,,,,
,,,0.57,2182,,,,
,,,0.63,2186,,,,
,,,0.76,2167,,,,
,,,0.82,2179,,,,
G43,1000,9990,0.07,6374,88,6437,10,6499
,,,0.08,6400,,,,
,,,0.2,6401,,,,
,,,0.26,6410,,,,
,,,0.3,6430,,,,
,,,0.56,6469,,,,
,,,0.64,6432,,,,
,,,0.66,6499,,,,
,,,0.72,6475,,,,
,,,0.97,6487,,,,
G44,1000,9990,0.06,6367,90,6431,10,6477
,,,0.07,6382,,,,
,,,0.15,6380,,,,
,,,0.29,6436,,,,
,,,0.31,6402,,,,
,,,0.44,6477,,,,
,,,0.66,6472,,,,
,,,0.75,6457,,,,
,,,0.8,6469,,,,
,,,0.89,6469,,,,
G45,1000,9990,0,6340,88,6407,10,6478
,,,0.02,6403,,,,
,,,0.09,6393,,,,
,,,0.16,6371,,,,
,,,0.19,6357,,,,
,,,0.33,6428,,,,
,,,0.58,6478,,,,
,,,0.61,6425,,,,
,,,0.7,6425,,,,
,,,0.73,6452,,,,
G46,1000,9990,0,6376,92,6425,10,6482
,,,0.01,6392,,,,
,,,0.21,6428,,,,
,,,0.26,6404,,,,
,,,0.32,6420,,,,
,,,0.39,6419,,,,
,,,0.44,6416,,,,
,,,0.44,6482,,,,
,,,0.5,6474,,,,
,,,0.57,6447,,,,
G47,1000,9990,0.06,6426,78,6438,10,6491
,,,0.11,6412,,,,
,,,0.27,6395,,,,
,,,0.31,6414,,,,
,,,0.58,6479,,,,
,,,0.65,6405,,,,
,,,0.66,6427,,,,
,,,0.72,6491,,,,
,,,0.95,6466,,,,
,,,1,6465,,,,
G48,3000,6000,0.05,6000,1,6000,10,6000
,,,0.13,6000,,,,
,,,0.29,6000,,,,
,,,0.34,6000,,,,
,,,0.52,6000,,,,
,,,0.68,6000,,,,
,,,0.7,6000,,,,
,,,0.76,6000,,,,
,,,0.89,6000,,,,
,,,0.93,6000,,,,
G49,3000,6000,0.04,6000,1,6000,10,6000
,,,0.05,6000,,,,
,,,0.18,6000,,,,
,,,0.2,6000,,,,
,,,0.21,6000,,,,
,,,0.28,6000,,,,
,,,0.32,6000,,,,
,,,0.37,6000,,,,
,,,0.37,6000,,,,
,,,0.81,6000,,,,
G50,3000,6000,0.09,5820,3,5856,10,5880
,,,0.17,5840,,,,
,,,0.23,5820,,,,
,,,0.25,5820,,,,
,,,0.34,5862,,,,
,,,0.59,5880,,,,
,,,0.63,5880,,,,
,,,0.7,5880,,,,
,,,0.85,5880,,,,
,,,0.93,5880,,,,
G51,1000,5909,0.16,3718,31,3729,10,3738
,,,0.16,3724,,,,
,,,0.44,3723,,,,
,,,0.51,3728,,,,
,,,0.62,3731,,,,
,,,0.66,3736,,,,
,,,0.8,3731,,,,
,,,0.81,3736,,,,
,,,0.86,3738,,,,
,,,0.91,3729,,,,
G52,1000,5916,0.12,3725,33,3737,10,3753
,,,0.22,3732,,,,
,,,0.41,3745,,,,
,,,0.43,3743,,,,
,,,0.45,3729,,,,
,,,0.64,3732,,,,
,,,0.69,3743,,,,
,,,0.72,3730,,,,
,,,0.74,3741,,,,
,,,0.98,3753,,,,
G53,1000,5914,0.02,3706,39,3719,10,3732
,,,0.03,3711,,,,
,,,0.08,3717,,,,
,,,0.1,3718,,,,
,,,0.26,3727,,,,
,,,0.29,3726,,,,
,,,0.34,3709,,,,
,,,0.56,3724,,,,
,,,0.66,3732,,,,
,,,0.69,3726,,,,
G54,1000,5916,0.24,3716,27,3726,10,3743
,,,0.53,3743,,,,
,,,0.55,3719,,,,
,,,0.56,3723,,,,
,,,0.59,3730,,,,
,,,0.76,3706,,,,
,,,0.82,3724,,,,
,,,0.87,3735,,,,
,,,0.88,3742,,,,
,,,0.97,3722,,,,